/*
 Navicat Premium Data Transfer

 Source Server         : 10.1.6.8
 Source Server Type    : MySQL
 Source Server Version : 50726
 Source Host           : 10.1.6.8:3306
 Source Schema         : basic

 Target Server Type    : MySQL
 Target Server Version : 50726
 File Encoding         : 65001

 Date: 20/07/2020 14:32:15
*/

SET NAMES utf8mb4;
SET FOREIGN_KEY_CHECKS = 0;

-- ----------------------------
-- Table structure for t_ws_message
-- ----------------------------
DROP TABLE IF EXISTS `t_ws_message`;
CREATE TABLE `t_ws_message`  (
  `UUID` varchar(32) CHARACTER SET utf8mb4 COLLATE utf8mb4_bin NOT NULL,
  `SENDER` varchar(32) CHARACTER SET utf8mb4 COLLATE utf8mb4_bin NULL DEFAULT NULL,
  `SENDER_NAME` varchar(32) CHARACTER SET utf8mb4 COLLATE utf8mb4_bin NULL DEFAULT NULL,
  `RECEIVER` varchar(32) CHARACTER SET utf8mb4 COLLATE utf8mb4_bin NULL DEFAULT NULL,
  `RECEIVER_NAME` varchar(32) CHARACTER SET utf8mb4 COLLATE utf8mb4_bin NULL DEFAULT NULL,
  `TITLE` varchar(200) CHARACTER SET utf8mb4 COLLATE utf8mb4_bin NULL DEFAULT NULL,
  `CONTENT` text CHARACTER SET utf8mb4 COLLATE utf8mb4_bin NULL,
  `UNREAD` tinyint(1) NULL DEFAULT 1,
  `SEND_TIME` datetime(0) NULL DEFAULT NULL,
  `READ_TIME` datetime(0) NULL DEFAULT NULL,
  PRIMARY KEY (`UUID`) USING BTREE
) ENGINE = InnoDB CHARACTER SET = utf8mb4 COLLATE = utf8mb4_bin COMMENT = 'APP消息' ROW_FORMAT = Dynamic;

-- ----------------------------
-- Table structure for t_user_role
-- ----------------------------
DROP TABLE IF EXISTS `t_user_role`;
CREATE TABLE `t_user_role`  (
  `UUID` char(32) CHARACTER SET utf8mb4 COLLATE utf8mb4_general_ci NOT NULL COMMENT '唯一标识',
  `USER_UUID` char(32) CHARACTER SET utf8mb4 COLLATE utf8mb4_general_ci NOT NULL COMMENT '用户标识',
  `ROLE_UUID` char(32) CHARACTER SET utf8mb4 COLLATE utf8mb4_general_ci NOT NULL COMMENT '角色标识',
  PRIMARY KEY (`UUID`) USING BTREE,
  UNIQUE INDEX `UDX_USER_ROLE`(`USER_UUID`, `ROLE_UUID`) USING BTREE
) ENGINE = InnoDB CHARACTER SET = utf8mb4 COLLATE = utf8mb4_general_ci ROW_FORMAT = Dynamic;

-- ----------------------------
-- Records of t_user_role
-- ----------------------------
INSERT INTO `t_user_role` VALUES ('00100180000120200720000001', '00100180000120200704000001', '00100140000120200704000001');

-- ----------------------------
-- Table structure for t_user
-- ----------------------------
DROP TABLE IF EXISTS `t_user`;
CREATE TABLE `t_user`  (
  `UUID` char(32) CHARACTER SET utf8mb4 COLLATE utf8mb4_general_ci NOT NULL COMMENT '唯一标识',
  `DEPT_UUID` char(32) CHARACTER SET utf8mb4 COLLATE utf8mb4_general_ci NULL DEFAULT NULL COMMENT '部门标识',
  `AVATAR` varchar(20) CHARACTER SET utf8mb4 COLLATE utf8mb4_general_ci NOT NULL COMMENT '登录名',
  `STAFF_ID` varchar(20) CHARACTER SET utf8mb4 COLLATE utf8mb4_general_ci NULL DEFAULT NULL COMMENT '工号/编号',
  `NAME` varchar(100) CHARACTER SET utf8mb4 COLLATE utf8mb4_general_ci NOT NULL COMMENT '姓名',
  `SPELL` varchar(20) CHARACTER SET utf8mb4 COLLATE utf8mb4_general_ci NULL DEFAULT NULL COMMENT '拼音码',
  `PHONE` varchar(11) CHARACTER SET utf8mb4 COLLATE utf8mb4_general_ci NULL DEFAULT NULL COMMENT '移动电话',
  `PASSWORD` varchar(32) CHARACTER SET utf8mb4 COLLATE utf8mb4_general_ci NOT NULL DEFAULT 'e10adc3949ba59abbe56e057f20f883e' COMMENT '密码',
  `SORT` int(6) NULL DEFAULT 10 COMMENT '排序码',
  `ENABLE` int(1) NOT NULL DEFAULT 1 COMMENT '启用',
  `SYSTEM_CODE` varchar(32) CHARACTER SET utf8mb4 COLLATE utf8mb4_general_ci NULL DEFAULT NULL COMMENT '业务系统对照码',
  `MEMO` varchar(200) CHARACTER SET utf8mb4 COLLATE utf8mb4_general_ci NULL DEFAULT NULL COMMENT '备注',
  `SIGN_PHOTO` longblob NULL COMMENT '签名图片',
  `LAST_PASSWORD_RESET_DATE` datetime(0) NULL DEFAULT NULL COMMENT '密码最后更新时间',
  `LAST_ROLE_MODIFY_DATE` datetime(0) NULL DEFAULT NULL COMMENT '角色最后分配时间',
  `IS_MANAGER` int(1) NOT NULL DEFAULT 0 COMMENT '是否单点登录管理员',
  PRIMARY KEY (`UUID`) USING BTREE
) ENGINE = InnoDB CHARACTER SET = utf8mb4 COLLATE = utf8mb4_general_ci ROW_FORMAT = Dynamic;

-- ----------------------------
-- Records of t_user
-- ----------------------------
INSERT INTO `t_user` VALUES ('00100180000120200704000001', '00100040000120200704000001', 'ADMIN', '1039', '管理员', 'GLY', '10086', 'e10adc3949ba59abbe56e057f20f883e', 0, 1, NULL, NULL, NULL, '2020-07-04 09:59:45', '2020-07-04 09:59:45', 1);

-- ----------------------------
-- Table structure for t_table_name_id
-- ----------------------------
DROP TABLE IF EXISTS `t_table_name_id`;
CREATE TABLE `t_table_name_id`  (
  `UUID` varchar(32) CHARACTER SET utf8 COLLATE utf8_general_ci NOT NULL,
  `TABLE_NAME` varchar(100) CHARACTER SET utf8 COLLATE utf8_general_ci NULL DEFAULT NULL COMMENT '表明',
  `TABLE_ID` varchar(4) CHARACTER SET utf8 COLLATE utf8_general_ci NULL DEFAULT NULL COMMENT '表ID',
  `DESCRIPTION` varchar(255) CHARACTER SET utf8 COLLATE utf8_general_ci NULL DEFAULT NULL COMMENT '描述',
  PRIMARY KEY (`UUID`) USING BTREE,
  UNIQUE INDEX `index_tableId`(`TABLE_ID`) USING BTREE
) ENGINE = InnoDB CHARACTER SET = utf8 COLLATE = utf8_general_ci ROW_FORMAT = Dynamic;

-- ----------------------------
-- Records of t_table_name_id
-- ----------------------------
INSERT INTO `t_table_name_id` VALUES ('000001', 'T_ACTOR', '0001', NULL);
INSERT INTO `t_table_name_id` VALUES ('000002', 'T_AUTHORITY', '0002', NULL);
INSERT INTO `t_table_name_id` VALUES ('000003', 'T_BUNDLE', '0003', NULL);
INSERT INTO `t_table_name_id` VALUES ('000004', 'T_DEPARTMENT', '0004', NULL);
INSERT INTO `t_table_name_id` VALUES ('000005', 'T_HISTORY', '0005', NULL);
INSERT INTO `t_table_name_id` VALUES ('000006', 'T_DEPARTMENT_CLASS', '0006', NULL);
INSERT INTO `t_table_name_id` VALUES ('000007', 'T_DEPARTMENT_CLASS_RELATION', '0007', NULL);
INSERT INTO `t_table_name_id` VALUES ('000008', 'T_MAPPER', '0008', NULL);
INSERT INTO `t_table_name_id` VALUES ('000009', 'T_POST', '0009', NULL);
INSERT INTO `t_table_name_id` VALUES ('000010', 'T_POST_ACTOR', '0010', NULL);
INSERT INTO `t_table_name_id` VALUES ('000011', 'T_POST_USER', '0011', NULL);
INSERT INTO `t_table_name_id` VALUES ('000012', 'T_PREFERENCES', '0012', NULL);
INSERT INTO `t_table_name_id` VALUES ('000013', 'T_PROCESS', '0013', NULL);
INSERT INTO `t_table_name_id` VALUES ('000014', 'T_ROLE', '0014', NULL);
INSERT INTO `t_table_name_id` VALUES ('000015', 'T_ROLE_AUTH', '0015', NULL);
INSERT INTO `t_table_name_id` VALUES ('000016', 'T_STATION', '0016', NULL);
INSERT INTO `t_table_name_id` VALUES ('000017', 'T_STATION_CLASS', '0017', NULL);
INSERT INTO `t_table_name_id` VALUES ('000018', 'T_USER', '0018', NULL);
INSERT INTO `t_table_name_id` VALUES ('000019', 'T_USER_ROLE', '0019', NULL);
INSERT INTO `t_table_name_id` VALUES ('000020', 'T_GROUP', '0020', NULL);
INSERT INTO `t_table_name_id` VALUES ('000021', 'T_MICROSERVICE', '0021', NULL);
INSERT INTO `t_table_name_id` VALUES ('000022', 'T_GROUP_BUNDLE', '0022', NULL);
INSERT INTO `t_table_name_id` VALUES ('000023', 'TBL_TIMER', '0023', NULL);
INSERT INTO `t_table_name_id` VALUES ('000024', 'TBL_TIMER_LOG', '0024', NULL);
INSERT INTO `t_table_name_id` VALUES ('000025', 'T_DATA_ITEM', '0025', NULL);
INSERT INTO `t_table_name_id` VALUES ('000026', 'T_DATA_CHANGE_LOG', '0026', NULL);
INSERT INTO `t_table_name_id` VALUES ('000101', 'T_DNM_HOME_STYLE', '0101', NULL);
INSERT INTO `t_table_name_id` VALUES ('000102', 'T_DNM_WORK_SETTING', '0102', NULL);
INSERT INTO `t_table_name_id` VALUES ('000103', 'T_DNM_WORK_USERS', '0103', NULL);
INSERT INTO `t_table_name_id` VALUES ('000104', 'T_DNM_WORK_USERS_USER', '0104', NULL);
INSERT INTO `t_table_name_id` VALUES ('000105', 'T_DNM_WORK_PLAN', '0105', NULL);
INSERT INTO `t_table_name_id` VALUES ('000106', 'T_DEF_EFFECT_DOR_METHOD', '0106', NULL);
INSERT INTO `t_table_name_id` VALUES ('000107', 'T_DEF_DOR_STATUS', '0107', NULL);
INSERT INTO `t_table_name_id` VALUES ('000108', 'T_DNM_DONOR', '0108', NULL);
INSERT INTO `t_table_name_id` VALUES ('000109', 'T_DNM_DONOR_CHECK_LIST', '0109', NULL);
INSERT INTO `t_table_name_id` VALUES ('000110', 'T_DNM_ARCHIVES', '0110', NULL);
INSERT INTO `t_table_name_id` VALUES ('000111', 'T_DNM_ARCHIVES_LINK_MODES', '0111', NULL);
INSERT INTO `t_table_name_id` VALUES ('000112', 'T_DNM_DEF_CONSULT_POLICY', '0112', NULL);
INSERT INTO `t_table_name_id` VALUES ('000113', 'T_DNM_DEF_CONSULT_POLICY_ITEM', '0113', NULL);
INSERT INTO `t_table_name_id` VALUES ('000114', 'T_DNM_DEF_CONSULT_POLICY_ITEM_RESULT', '0114', NULL);
INSERT INTO `t_table_name_id` VALUES ('000115', 'T_DNM_DEF_CONSULT_POLICY_ITEM_TYPE', '0115', NULL);
INSERT INTO `t_table_name_id` VALUES ('000116', 'T_DNM_DEF_OCCUPATION', '0116', NULL);
INSERT INTO `t_table_name_id` VALUES ('000117', 'T_DEF_PLACE_KIND', '0117', NULL);
INSERT INTO `t_table_name_id` VALUES ('000118', 'T_DNM_DEF_COLLECT_PLACE', '0118', NULL);
INSERT INTO `t_table_name_id` VALUES ('000119', 'T_DNM_DEF_COLLECT_PLACE_DEPT', '0119', NULL);
INSERT INTO `t_table_name_id` VALUES ('000120', 'T_DNM_DEF_COLLECT_VEHICLE', '0120', NULL);
INSERT INTO `t_table_name_id` VALUES ('000121', 'T_DNM_DEF_COLLECT_VEHICLE_DEPT', '0121', NULL);
INSERT INTO `t_table_name_id` VALUES ('000122', 'T_DEF_EDIT_ORGANIZE_TYPE', '0122', NULL);
INSERT INTO `t_table_name_id` VALUES ('000123', 'T_DNM_DEF_ORG_UNIT', '0123', NULL);
INSERT INTO `t_table_name_id` VALUES ('000124', 'T_DNM_DEF_ORG_UNIT_DTL', '0124', NULL);
INSERT INTO `t_table_name_id` VALUES ('000125', 'T_DEF_EDIT_DON_TYPE', '0125', NULL);
INSERT INTO `t_table_name_id` VALUES ('000126', 'T_DEF_EDIT_IDENTITY_TYPE', '0126', NULL);
INSERT INTO `t_table_name_id` VALUES ('000127', 'T_DEF_RELEASE_STATUS', '0127', NULL);
INSERT INTO `t_table_name_id` VALUES ('000128', 'T_DEF_RELEASE_RESULT', '0128', NULL);
INSERT INTO `t_table_name_id` VALUES ('000129', 'T_DNM_DEF_RELEASE_REASON', '0129', NULL);
INSERT INTO `t_table_name_id` VALUES ('000130', 'T_DNM_RELEASE_AUDIT', '0130', NULL);
INSERT INTO `t_table_name_id` VALUES ('000131', 'T_DNM_DONOR_LINK_MODES', '0131', NULL);

-- ----------------------------
-- Table structure for t_station_class
-- ----------------------------
DROP TABLE IF EXISTS `t_station_class`;
CREATE TABLE `t_station_class`  (
  `UUID` varchar(32) CHARACTER SET utf8 COLLATE utf8_general_ci NOT NULL COMMENT '标识',
  `NAME` varchar(100) CHARACTER SET utf8 COLLATE utf8_general_ci NOT NULL COMMENT '血站级别名称',
  `CODE` varchar(10) CHARACTER SET utf8 COLLATE utf8_general_ci NULL DEFAULT NULL COMMENT '标准编码',
  `SPELL` varchar(100) CHARACTER SET utf8 COLLATE utf8_general_ci NULL DEFAULT NULL COMMENT '拼音码',
  `SORT` int(6) NOT NULL COMMENT '排序码',
  `ENABLE` int(1) NOT NULL COMMENT '是否启用',
  PRIMARY KEY (`UUID`) USING BTREE
) ENGINE = InnoDB CHARACTER SET = utf8 COLLATE = utf8_general_ci COMMENT = '血站级别字典表' ROW_FORMAT = Dynamic;

-- ----------------------------
-- Records of t_station_class
-- ----------------------------
INSERT INTO `t_station_class` VALUES ('00100170000120200704000001', '血液中心', '001', 'XYZX', 0, 1);
INSERT INTO `t_station_class` VALUES ('00100170000120200707000001', '市级血液中心', '002', 'SJZYZX', 1, 1);

-- ----------------------------
-- Table structure for t_station
-- ----------------------------
DROP TABLE IF EXISTS `t_station`;
CREATE TABLE `t_station`  (
  `UUID` varchar(32) CHARACTER SET utf8 COLLATE utf8_general_ci NOT NULL COMMENT '标识',
  `NAME` varchar(100) CHARACTER SET utf8 COLLATE utf8_general_ci NOT NULL COMMENT '血站名称',
  `CODE` varchar(10) CHARACTER SET utf8 COLLATE utf8_general_ci NOT NULL COMMENT '标准编码',
  `SPELL` varchar(100) CHARACTER SET utf8 COLLATE utf8_general_ci NOT NULL COMMENT '拼音码',
  `SORT` int(6) NOT NULL COMMENT '排序码',
  `ENABLE` int(1) NOT NULL COMMENT '是否启用',
  `PARENT_UUID` varchar(32) CHARACTER SET utf8 COLLATE utf8_general_ci NOT NULL COMMENT '上级血站标识，只针对分站有效。',
  `CLASS_UUID` varchar(32) CHARACTER SET utf8 COLLATE utf8_general_ci NOT NULL COMMENT '血站级别标识',
  PRIMARY KEY (`UUID`) USING BTREE
) ENGINE = InnoDB CHARACTER SET = utf8 COLLATE = utf8_general_ci COMMENT = '血站表' ROW_FORMAT = Dynamic;

-- ----------------------------
-- Records of t_station
-- ----------------------------
INSERT INTO `t_station` VALUES ('00100160000120200704000002', '血液中心', '00501', 'HBSXYZX', 0, 1, 'root', '00100170000120200704000001');

-- ----------------------------
-- Table structure for t_role_auth
-- ----------------------------
DROP TABLE IF EXISTS `t_role_auth`;
CREATE TABLE `t_role_auth`  (
  `UUID` varchar(32) CHARACTER SET utf8mb4 COLLATE utf8mb4_bin NOT NULL,
  `ROLE_UUID` varchar(32) CHARACTER SET utf8mb4 COLLATE utf8mb4_bin NULL DEFAULT NULL,
  `AUTH_UUID` varchar(32) CHARACTER SET utf8mb4 COLLATE utf8mb4_bin NULL DEFAULT NULL,
  PRIMARY KEY (`UUID`) USING BTREE,
  UNIQUE INDEX `key_role_auth`(`ROLE_UUID`, `AUTH_UUID`) USING BTREE
) ENGINE = InnoDB CHARACTER SET = utf8mb4 COLLATE = utf8mb4_bin ROW_FORMAT = Dynamic;

-- ----------------------------
-- Records of t_role_auth
-- ----------------------------
INSERT INTO `t_role_auth` VALUES ('001', '00100140000120200704000001', '00100020000120200717000003');
INSERT INTO `t_role_auth` VALUES ('002', '00100140000120200704000001', '00100020000120200717000012');

-- ----------------------------
-- Table structure for t_role
-- ----------------------------
DROP TABLE IF EXISTS `t_role`;
CREATE TABLE `t_role`  (
  `UUID` varchar(32) CHARACTER SET utf8mb4 COLLATE utf8mb4_general_ci NOT NULL COMMENT '唯一标识',
  `NAME` varchar(50) CHARACTER SET utf8mb4 COLLATE utf8mb4_general_ci NOT NULL COMMENT '角色名称',
  `SPELL` varchar(25) CHARACTER SET utf8mb4 COLLATE utf8mb4_general_ci NOT NULL COMMENT '拼音码',
  `SORT` double NOT NULL COMMENT '排序码',
  `ENABLE` int(11) NOT NULL COMMENT '启用',
  `MEMO` varchar(200) CHARACTER SET utf8mb4 COLLATE utf8mb4_general_ci NULL DEFAULT NULL COMMENT '备注',
  `SERVICE_ID` varchar(32) CHARACTER SET utf8mb4 COLLATE utf8mb4_general_ci NULL DEFAULT NULL COMMENT '子系统id',
  `DEPARTMENT_UUID` varchar(32) CHARACTER SET utf8mb4 COLLATE utf8mb4_general_ci NULL DEFAULT NULL,
  PRIMARY KEY (`UUID`) USING BTREE,
  UNIQUE INDEX `UNIQUE_SPELL`(`SPELL`) USING BTREE
) ENGINE = InnoDB CHARACTER SET = utf8mb4 COLLATE = utf8mb4_general_ci ROW_FORMAT = Dynamic;

-- ----------------------------
-- Records of t_role
-- ----------------------------
INSERT INTO `t_role` VALUES ('00100140000120200704000001', '管理员', 'GLY', 0, 1, NULL, 'SETTING', '00100040000120200704000001');

-- ----------------------------
-- Table structure for t_process
-- ----------------------------
DROP TABLE IF EXISTS `t_process`;
CREATE TABLE `t_process`  (
  `UUID` varchar(32) CHARACTER SET utf8mb4 COLLATE utf8mb4_bin NOT NULL,
  `PROCESS_ID` varchar(32) CHARACTER SET utf8mb4 COLLATE utf8mb4_bin NULL DEFAULT NULL,
  `DATA_UUID` varchar(32) CHARACTER SET utf8mb4 COLLATE utf8mb4_bin NULL DEFAULT NULL,
  `CURRENT_NODE_ID` varchar(32) CHARACTER SET utf8mb4 COLLATE utf8mb4_bin NULL DEFAULT NULL,
  `CUSTOMIZED_PROCESSES` varchar(320) CHARACTER SET utf8mb4 COLLATE utf8mb4_bin NULL DEFAULT NULL,
  PRIMARY KEY (`UUID`) USING BTREE
) ENGINE = InnoDB CHARACTER SET = utf8mb4 COLLATE = utf8mb4_bin ROW_FORMAT = Dynamic;

-- ----------------------------
-- Table structure for t_preferences
-- ----------------------------
DROP TABLE IF EXISTS `t_preferences`;
CREATE TABLE `t_preferences`  (
  `UUID` varchar(32) CHARACTER SET utf8mb4 COLLATE utf8mb4_general_ci NOT NULL COMMENT '                           ',
  `ID` varchar(100) CHARACTER SET utf8mb4 COLLATE utf8mb4_general_ci NULL DEFAULT NULL COMMENT '参数编号',
  `DESCRIPTION` text CHARACTER SET utf8mb4 COLLATE utf8mb4_general_ci NULL COMMENT '参数描述',
  `VALUE` varchar(100) CHARACTER SET utf8mb4 COLLATE utf8mb4_general_ci NULL DEFAULT NULL COMMENT '参数值',
  `NAME` varchar(100) CHARACTER SET utf8mb4 COLLATE utf8mb4_general_ci NULL DEFAULT NULL COMMENT '参数名称',
  `STATION_CODE` varchar(50) CHARACTER SET utf8mb4 COLLATE utf8mb4_general_ci NULL DEFAULT NULL COMMENT '站编码',
  `SERVICE_ID` varchar(50) CHARACTER SET utf8mb4 COLLATE utf8mb4_general_ci NULL DEFAULT NULL COMMENT '服务编号',
  `BUNDLE_ID` varchar(50) CHARACTER SET utf8mb4 COLLATE utf8mb4_general_ci NULL DEFAULT NULL COMMENT '功能点编号',
  `REGEX` varchar(256) CHARACTER SET utf8mb4 COLLATE utf8mb4_general_ci NULL DEFAULT NULL COMMENT '正则表达式',
  `ALERT` varchar(300) CHARACTER SET utf8mb4 COLLATE utf8mb4_general_ci NULL DEFAULT NULL COMMENT '提示信息',
  PRIMARY KEY (`UUID`) USING BTREE,
  UNIQUE INDEX `IDX_UK_PREFERENCE_ID_BUNDLE`(`ID`, `BUNDLE_ID`) USING BTREE
) ENGINE = InnoDB CHARACTER SET = utf8mb4 COLLATE = utf8mb4_general_ci COMMENT = '首选项表' ROW_FORMAT = Dynamic;

-- ----------------------------
-- Table structure for t_post_user
-- ----------------------------
DROP TABLE IF EXISTS `t_post_user`;
CREATE TABLE `t_post_user`  (
  `UUID` char(32) CHARACTER SET utf8mb4 COLLATE utf8mb4_general_ci NOT NULL COMMENT '唯一标识',
  `POST_UUID` char(32) CHARACTER SET utf8mb4 COLLATE utf8mb4_general_ci NOT NULL COMMENT '岗位标识',
  `USER_UUID` char(32) CHARACTER SET utf8mb4 COLLATE utf8mb4_general_ci NOT NULL COMMENT '参与者标识',
  PRIMARY KEY (`UUID`) USING BTREE
) ENGINE = InnoDB CHARACTER SET = utf8mb4 COLLATE = utf8mb4_general_ci ROW_FORMAT = Dynamic;

-- ----------------------------
-- Table structure for t_post_actor
-- ----------------------------
DROP TABLE IF EXISTS `t_post_actor`;
CREATE TABLE `t_post_actor`  (
  `UUID` char(32) CHARACTER SET utf8mb4 COLLATE utf8mb4_general_ci NOT NULL COMMENT '唯一标识',
  `POST_UUID` char(32) CHARACTER SET utf8mb4 COLLATE utf8mb4_general_ci NOT NULL COMMENT '岗位标识',
  `ACTOR_UUID` char(32) CHARACTER SET utf8mb4 COLLATE utf8mb4_general_ci NOT NULL COMMENT '参与者标识',
  PRIMARY KEY (`UUID`) USING BTREE
) ENGINE = InnoDB CHARACTER SET = utf8mb4 COLLATE = utf8mb4_general_ci ROW_FORMAT = Dynamic;

-- ----------------------------
-- Table structure for t_post
-- ----------------------------
DROP TABLE IF EXISTS `t_post`;
CREATE TABLE `t_post`  (
  `UUID` varchar(32) CHARACTER SET utf8mb4 COLLATE utf8mb4_general_ci NOT NULL COMMENT '唯一标识',
  `NAME` varchar(50) CHARACTER SET utf8mb4 COLLATE utf8mb4_general_ci NOT NULL COMMENT '岗位名称',
  `SPELL` varchar(25) CHARACTER SET utf8mb4 COLLATE utf8mb4_general_ci NOT NULL COMMENT '拼音码',
  `SORT` double NOT NULL COMMENT '排序码',
  `ENABLE` int(11) NOT NULL COMMENT '启用',
  `MEMO` varchar(200) CHARACTER SET utf8mb4 COLLATE utf8mb4_general_ci NULL DEFAULT NULL COMMENT '备注',
  `SERVICE_ID` varchar(32) CHARACTER SET utf8mb4 COLLATE utf8mb4_general_ci NULL DEFAULT NULL COMMENT '子系统ID',
  PRIMARY KEY (`UUID`) USING BTREE,
  UNIQUE INDEX `index_name`(`NAME`, `SERVICE_ID`) USING BTREE,
  UNIQUE INDEX `index_spell`(`SPELL`, `SERVICE_ID`) USING BTREE
) ENGINE = InnoDB CHARACTER SET = utf8mb4 COLLATE = utf8mb4_general_ci ROW_FORMAT = Dynamic;

-- ----------------------------
-- Table structure for t_microservice
-- ----------------------------
DROP TABLE IF EXISTS `t_microservice`;
CREATE TABLE `t_microservice`  (
  `UUID` varchar(32) CHARACTER SET utf8mb4 COLLATE utf8mb4_general_ci NOT NULL COMMENT '唯一标识',
  `SERVICE_ID` varchar(32) CHARACTER SET utf8mb4 COLLATE utf8mb4_general_ci NOT NULL COMMENT '微服务ID',
  `VIEW_SERVICE` varchar(32) CHARACTER SET utf8mb4 COLLATE utf8mb4_general_ci NULL DEFAULT NULL COMMENT '页面服务',
  `SORT` double(11, 2) NULL DEFAULT NULL COMMENT '排序码',
  `ENABLE` tinyint(1) NOT NULL COMMENT '启用（0-启用，1-未启用）',
  `IMG` longblob NULL COMMENT '图标',
  `IP` varchar(16) CHARACTER SET utf8mb4 COLLATE utf8mb4_general_ci NOT NULL DEFAULT 'localhost' COMMENT '服务器ip',
  `PORT` int(5) NOT NULL DEFAULT 8080 COMMENT '端口号',
  `NAME` varchar(32) CHARACTER SET utf8mb4 COLLATE utf8mb4_general_ci NOT NULL COMMENT '微服务名称',
  PRIMARY KEY (`UUID`) USING BTREE,
  UNIQUE INDEX `server`(`SERVICE_ID`) USING BTREE COMMENT '服务器唯一'
) ENGINE = InnoDB CHARACTER SET = utf8mb4 COLLATE = utf8mb4_general_ci COMMENT = '服务器设置表' ROW_FORMAT = Dynamic;

-- ----------------------------
-- Records of t_microservice
-- ----------------------------
INSERT INTO `t_microservice` VALUES ('00100210000120200706000001', 'SETTING', '/setting', 1.00, 1, 0x89504E470D0A1A0A0000000D49484452000000620000004B08060000003F523F000000097048597300000B1200000B1201D2DD7E3F000001284944415478DAEDDDB16D3F1040512A70EF6C928CE055B2813BD6E9745B64848C3FB24A263FAB706320409098C77BBF9220803F48816CB4ACEB7A6E7A784F5E01083F00211063B7BBF7A0F7BEFC76F08838FFD5D859BBF74E3F4B93408010081002014220400804083F00211020040284408098AB88780631463F18B343BC64C1A8F08D483F3BC45B168CA9217A3F5930A65F9AB26094D847643FB3A11B1DA3D4CE7A648C72471CA3623F6B3FDE6F303E413CA088786D3FB7DBEF9B6B10FF8C706AADED378443EFFD0B04845A1023239481181D3F440684E9213F543F29102A40A4403F003F3F440A84E9213F94DB593F081002014220400804083F00211020040284408010085D5BFCECC98C1008100201423F3F0CE9723F3455270000000049454E44AE42603F, 'localhost', 80, '设置');
INSERT INTO `t_microservice` VALUES ('00100210000120200706000002', 'COLLECTBLOOD', '/collectblood', 0.00, 1, 0x89504E470D0A1A0A0000000D49484452000000500000005008060000003FF2AD000000097048597300000B1200000B1201D2DD7E3F000003444944415478DAED3F3F3114073F3F4B3F323F29238DB47B04DA744C998E546E3FEB6A3F3F28D352B85E6E10D26D3FC1A4C04891C200FE786F18F35E8BD03F3D3FF8633F0D3F3300730023A48F1AC0426B3D076318633F0066446D02800D80C987E17038073F3F51A27B008FD6DADF65596E99F03F005E083F0005802F0AC0943FA68C05C895EB41013F89E0508CB97639E6E2023F2C1801D9720D9E9F3F4F886D40352CB4D65BCEAE653FBB59B8F0FCEAD867E6F60504804A6BBDCA713C73B3F792BA0B2F5DA29BC78B1903B3420CC58B9D44B2408CC13B0758E78EE881573F006E01543F7AE055A79E3C4E766137DB6687E88377EE89E3EC183F624ABC8B27915C1053E379CDC27D47A4C0F37E8CE92B22155ED073603F29F1821FA4FB82483F3F72ED881C78B1AF72578BC83F0D788D889C7849003F3F3F00D8F6A2BC3F22315E9B45AD707C3F680D3FB148885710575E9BC5423F03153F3F003F001E433F3C1027090B7042D96D9DC567677370AAB4D6F3413F5D8D47DFB5D68B44B966D8EF44201FF3482691C04A5C274CB7EE023F3F62A5B53FCCB33B916745D9463F7C643F8C53EB94785DE461073F3F083F000A3F004A083F000A3F004A083F000A3F004A083F000A3F004A5C16771C493FFDB8464D3FF266F2C51E3FAC8067D6863FA5AA105779BF5A3EEEE7B2E6050BEB5C3B13483734DDFDD3D8433F228FA73F3F88A53106319578E4F8EC4A6B3F5C3AF1E23E283F2FFBD55AFBB32CCB7742BC6F6559FE49A163AD7D773F59A5A1175F383F6773709A586B073FF1E83F1483C73F2155776EB39829B49F3F08F1920FEAC43F3F46492691AEF198106966E16BC1EB0A51E5843FA2CA0D3F51E588C789A872C5E3425439E37120AADCF1A8113FE05122AA5BC1A3423C75773F3F27BCD0C2C0FE9F3F3F1CE78AE75B89CEC2BB0B8F723F401C51BCCA65710D3F6252C0AC3F8C4154B78E173F57801E3F493F000D3F11673FF1DE3872716D3F5A633FB65C9C7B633F73C9E63F801BA65C3F3757AE8DC27E5B0425620DE0A93F3F5C760F6C301E80C95F3F29433FE77C0000000049454E44AE42603F, 'localhost', 80, '采血');
INSERT INTO `t_microservice` VALUES ('00100210000120200706000003', 'DATAEXCHANGE', '/dataexchange', 2.00, 1, NULL, 'localhost', 80, '数据交换库');

-- ----------------------------
-- Table structure for t_mapper
-- ----------------------------
DROP TABLE IF EXISTS `t_mapper`;
CREATE TABLE `t_mapper`  (
  `UUID` varchar(32) CHARACTER SET utf8mb4 COLLATE utf8mb4_bin NOT NULL,
  `BUNDLE_UUID` varchar(32) CHARACTER SET utf8mb4 COLLATE utf8mb4_bin NULL DEFAULT NULL,
  `REQUEST_METHOD` varchar(32) CHARACTER SET utf8mb4 COLLATE utf8mb4_bin NULL DEFAULT NULL,
  `ACTION_ID` varchar(32) CHARACTER SET utf8mb4 COLLATE utf8mb4_bin NULL DEFAULT NULL,
  `SERVICE_ID` varchar(32) CHARACTER SET utf8mb4 COLLATE utf8mb4_bin NULL DEFAULT NULL,
  `BUNDLE_ID` varchar(32) CHARACTER SET utf8mb4 COLLATE utf8mb4_bin NULL DEFAULT NULL,
  `AUTH_ID` varchar(32) CHARACTER SET utf8mb4 COLLATE utf8mb4_bin NULL DEFAULT NULL,
  PRIMARY KEY (`UUID`) USING BTREE,
  UNIQUE INDEX `key_mapper`(`ACTION_ID`, `SERVICE_ID`, `BUNDLE_ID`, `REQUEST_METHOD`) USING BTREE
) ENGINE = InnoDB CHARACTER SET = utf8mb4 COLLATE = utf8mb4_bin ROW_FORMAT = Dynamic;

-- ----------------------------
-- Records of t_mapper
-- ----------------------------
INSERT INTO `t_mapper` VALUES ('00100080000120200717000001', '00100030000120200717000001', 'POST', 'delete_post', 'SETTING', 'post_setting', 'post_manage');
INSERT INTO `t_mapper` VALUES ('00100080000120200717000002', '00100030000120200717000001', 'POST', 'save_post', 'SETTING', 'post_setting', 'post_manage');
INSERT INTO `t_mapper` VALUES ('00100080000120200717000003', '00100030000120200717000001', 'POST', 'update_post', 'SETTING', 'post_setting', 'post_manage');
INSERT INTO `t_mapper` VALUES ('00100080000120200717000004', '00100030000120200717000001', 'GET', 'post_detail', 'SETTING', 'post_setting', 'post_read');
INSERT INTO `t_mapper` VALUES ('00100080000120200717000005', '00100030000120200717000001', 'GET', 'actor_tree', 'SETTING', 'post_setting', 'post_read');
INSERT INTO `t_mapper` VALUES ('00100080000120200717000006', '00100030000120200717000001', 'POST', 'list_post', 'SETTING', 'post_setting', 'post_read');
INSERT INTO `t_mapper` VALUES ('00100080000120200717000007', '00100030000120200717000001', 'POST', 'actor_update', 'SETTING', 'post_setting', 'post_manage');
INSERT INTO `t_mapper` VALUES ('00100080000120200717000008', '00100030000120200717000001', 'GET', 'enable_services', 'SETTING', 'post_setting', 'post_read');
INSERT INTO `t_mapper` VALUES ('00100080000120200717000009', '00100030000120200717000002', 'POST', 'user_delete', 'SETTING', 'dept_user_setting', 'dept_user_manage');
INSERT INTO `t_mapper` VALUES ('00100080000120200717000010', '00100030000120200717000002', 'POST', 'user_update', 'SETTING', 'dept_user_setting', 'dept_user_manage');
INSERT INTO `t_mapper` VALUES ('00100080000120200717000011', '00100030000120200717000002', 'POST', 'list_user', 'SETTING', 'dept_user_setting', 'dept_user_read');
INSERT INTO `t_mapper` VALUES ('00100080000120200717000012', '00100030000120200717000002', 'GET', 'user_detail', 'SETTING', 'dept_user_setting', 'dept_user_read');
INSERT INTO `t_mapper` VALUES ('00100080000120200717000013', '00100030000120200717000002', 'GET', 'dept_detail', 'SETTING', 'dept_user_setting', 'dept_user_read');
INSERT INTO `t_mapper` VALUES ('00100080000120200717000014', '00100030000120200717000002', 'GET', 'list_post', 'SETTING', 'dept_user_setting', 'dept_user_read');
INSERT INTO `t_mapper` VALUES ('00100080000120200717000015', '00100030000120200717000002', 'GET', 'enable_services', 'SETTING', 'dept_user_setting', 'dept_user_read');
INSERT INTO `t_mapper` VALUES ('00100080000120200717000016', '00100030000120200717000002', 'POST', 'user_save', 'SETTING', 'dept_user_setting', 'dept_user_manage');
INSERT INTO `t_mapper` VALUES ('00100080000120200717000017', '00100030000120200717000002', 'GET', 'pairs_user', 'SETTING', 'dept_user_setting', NULL);
INSERT INTO `t_mapper` VALUES ('00100080000120200717000018', '00100030000120200717000002', 'POST', 'dept_tree', 'SETTING', 'dept_user_setting', 'dept_user_read');
INSERT INTO `t_mapper` VALUES ('00100080000120200717000019', '00100030000120200717000002', 'POST', 'reset_password', 'SETTING', 'dept_user_setting', 'dept_user_manage');
INSERT INTO `t_mapper` VALUES ('00100080000120200717000020', '00100030000120200717000002', 'GET', 'set_user_post', 'SETTING', 'dept_user_setting', 'dept_user_manage');
INSERT INTO `t_mapper` VALUES ('00100080000120200717000021', '00100030000120200717000002', 'POST', 'dept_save', 'SETTING', 'dept_user_setting', 'dept_user_manage');
INSERT INTO `t_mapper` VALUES ('00100080000120200717000022', '00100030000120200717000002', 'POST', 'dept_delete', 'SETTING', 'dept_user_setting', 'dept_user_manage');
INSERT INTO `t_mapper` VALUES ('00100080000120200717000023', '00100030000120200717000002', 'POST', 'dept_update', 'SETTING', 'dept_user_setting', 'dept_user_manage');
INSERT INTO `t_mapper` VALUES ('00100080000120200717000024', '00100030000120200717000002', 'GET', 'set_user_role', 'SETTING', 'dept_user_setting', 'dept_user_manage');
INSERT INTO `t_mapper` VALUES ('00100080000120200717000025', '00100030000120200717000002', 'GET', 'list_role', 'SETTING', 'dept_user_setting', 'dept_user_read');
INSERT INTO `t_mapper` VALUES ('00100080000120200717000026', '00100030000120200717000002', 'GET', 'dept_class_options', 'SETTING', 'dept_user_setting', 'dept_user_read');
INSERT INTO `t_mapper` VALUES ('00100080000120200717000027', '00100030000120200717000003', 'POST', 'save', 'SETTING', 'microservice_setting', 'microservice_manage');
INSERT INTO `t_mapper` VALUES ('00100080000120200717000028', '00100030000120200717000003', 'POST', 'update', 'SETTING', 'microservice_setting', 'microservice_manage');
INSERT INTO `t_mapper` VALUES ('00100080000120200717000029', '00100030000120200717000003', 'GET', 'detail', 'SETTING', 'microservice_setting', 'microservice_read');
INSERT INTO `t_mapper` VALUES ('00100080000120200717000030', '00100030000120200717000003', 'POST', 'list', 'SETTING', 'microservice_setting', 'microservice_read');
INSERT INTO `t_mapper` VALUES ('00100080000120200717000031', '00100030000120200717000003', 'POST', 'delete', 'SETTING', 'microservice_setting', 'microservice_manage');
INSERT INTO `t_mapper` VALUES ('00100080000120200717000032', '00100030000120200717000004', 'POST', 'authority_update', 'SETTING', 'role_setting', 'role_manage');
INSERT INTO `t_mapper` VALUES ('00100080000120200717000033', '00100030000120200717000004', 'GET', 'authority_tree', 'SETTING', 'role_setting', 'role_read');
INSERT INTO `t_mapper` VALUES ('00100080000120200717000034', '00100030000120200717000004', 'GET', 'role_detail', 'SETTING', 'role_setting', 'role_read');
INSERT INTO `t_mapper` VALUES ('00100080000120200717000035', '00100030000120200717000004', 'GET', 'dept_tree', 'SETTING', 'role_setting', 'role_read');
INSERT INTO `t_mapper` VALUES ('00100080000120200717000036', '00100030000120200717000004', 'POST', 'save', 'SETTING', 'role_setting', 'role_manage');
INSERT INTO `t_mapper` VALUES ('00100080000120200717000037', '00100030000120200717000004', 'POST', 'update', 'SETTING', 'role_setting', 'role_manage');
INSERT INTO `t_mapper` VALUES ('00100080000120200717000038', '00100030000120200717000004', 'POST', 'list', 'SETTING', 'role_setting', 'role_read');
INSERT INTO `t_mapper` VALUES ('00100080000120200717000039', '00100030000120200717000004', 'GET', 'enable_servers', 'SETTING', 'role_setting', 'role_read');
INSERT INTO `t_mapper` VALUES ('00100080000120200717000040', '00100030000120200717000004', 'POST', 'delete', 'SETTING', 'role_setting', 'role_manage');
INSERT INTO `t_mapper` VALUES ('00100080000120200717000041', '00100030000120200717000005', 'GET', 'station_tree', 'SETTING', 'station_setting', 'station_read');
INSERT INTO `t_mapper` VALUES ('00100080000120200717000042', '00100030000120200717000005', 'GET', 'station_class_options', 'SETTING', 'station_setting', 'station_read');
INSERT INTO `t_mapper` VALUES ('00100080000120200717000043', '00100030000120200717000005', 'POST', 'update_station', 'SETTING', 'station_setting', 'station_manage');
INSERT INTO `t_mapper` VALUES ('00100080000120200717000044', '00100030000120200717000005', 'GET', 'detail_station', 'SETTING', 'station_setting', 'station_read');
INSERT INTO `t_mapper` VALUES ('00100080000120200717000045', '00100030000120200717000005', 'POST', 'delete_station', 'SETTING', 'station_setting', 'station_manage');
INSERT INTO `t_mapper` VALUES ('00100080000120200717000046', '00100030000120200717000005', 'POST', 'save_station', 'SETTING', 'station_setting', 'station_manage');
INSERT INTO `t_mapper` VALUES ('00100080000120200717000047', '00100030000120200717000006', 'GET', 'group_bundle', 'SETTING', 'basic', NULL);
INSERT INTO `t_mapper` VALUES ('00100080000120200717000048', '00100030000120200717000006', 'GET', 'switch_department', 'SETTING', 'basic', NULL);
INSERT INTO `t_mapper` VALUES ('00100080000120200717000049', '00100030000120200717000006', 'GET', 'list_can_department', 'SETTING', 'basic', NULL);
INSERT INTO `t_mapper` VALUES ('00100080000120200717000050', '00100030000120200717000006', 'POST', 'file_to_Base64', 'SETTING', 'basic', NULL);
INSERT INTO `t_mapper` VALUES ('00100080000120200717000051', '00100030000120200717000006', 'GET', 'service_list', 'SETTING', 'basic', NULL);
INSERT INTO `t_mapper` VALUES ('00100080000120200717000052', '00100030000120200717000006', 'GET', 'check', 'SETTING', 'basic', NULL);
INSERT INTO `t_mapper` VALUES ('00100080000120200717000053', '00100030000120200717000007', 'GET', 'service_options', 'SETTING', 'group_setting', NULL);
INSERT INTO `t_mapper` VALUES ('00100080000120200717000054', '00100030000120200717000007', 'GET', 'bundle_of_group', 'SETTING', 'group_setting', 'group_read');
INSERT INTO `t_mapper` VALUES ('00100080000120200717000055', '00100030000120200717000007', 'POST', 'save', 'SETTING', 'group_setting', 'group_manage');
INSERT INTO `t_mapper` VALUES ('00100080000120200717000056', '00100030000120200717000007', 'POST', 'put_group_bundle', 'SETTING', 'group_setting', 'group_manage');
INSERT INTO `t_mapper` VALUES ('00100080000120200717000057', '00100030000120200717000007', 'POST', 'update', 'SETTING', 'group_setting', 'group_manage');
INSERT INTO `t_mapper` VALUES ('00100080000120200717000058', '00100030000120200717000007', 'POST', 'list_group', 'SETTING', 'group_setting', 'group_read');
INSERT INTO `t_mapper` VALUES ('00100080000120200717000059', '00100030000120200717000007', 'GET', 'detail', 'SETTING', 'group_setting', 'group_read');
INSERT INTO `t_mapper` VALUES ('00100080000120200717000060', '00100030000120200717000007', 'POST', 'remove_group_bundle', 'SETTING', 'group_setting', 'group_manage');
INSERT INTO `t_mapper` VALUES ('00100080000120200717000061', '00100030000120200717000007', 'GET', 'bundle_of_service', 'SETTING', 'group_setting', 'group_read');
INSERT INTO `t_mapper` VALUES ('00100080000120200717000062', '00100030000120200717000007', 'POST', 'delete', 'SETTING', 'group_setting', 'group_manage');
INSERT INTO `t_mapper` VALUES ('00100080000120200717000063', '00100030000120200717000007', 'POST', 'swap_bundle', 'SETTING', 'group_setting', 'group_manage');
INSERT INTO `t_mapper` VALUES ('00100080000120200717000064', '00100030000120200717000008', 'POST', 'update_preferences', 'SETTING', 'preferences_setting', 'preferences_manage');
INSERT INTO `t_mapper` VALUES ('00100080000120200717000065', '00100030000120200717000008', 'GET', 'list_bundle', 'SETTING', 'preferences_setting', 'preferences_read');
INSERT INTO `t_mapper` VALUES ('00100080000120200717000066', '00100030000120200717000008', 'POST', 'list_preferences', 'SETTING', 'preferences_setting', 'preferences_read');
INSERT INTO `t_mapper` VALUES ('00100080000120200717000067', '00100030000120200717000008', 'GET', 'enable_services', 'SETTING', 'preferences_setting', 'preferences_read');
INSERT INTO `t_mapper` VALUES ('00100080000120200717000068', '00100030000120200717000009', 'GET', 'get_home_style', 'COLLECTBLOOD', 'collect_blood_home', NULL);
INSERT INTO `t_mapper` VALUES ('00100080000120200717000069', '00100030000120200717000009', 'GET', 'pan_finish_volume', 'COLLECTBLOOD', 'collect_blood_home', NULL);
INSERT INTO `t_mapper` VALUES ('00100080000120200717000070', '00100030000120200717000009', 'POST', 'save_home_style', 'COLLECTBLOOD', 'collect_blood_home', NULL);
INSERT INTO `t_mapper` VALUES ('00100080000120200717000071', '00100030000120200717000009', 'GET', 'org_unit_options', 'COLLECTBLOOD', 'collect_blood_home', NULL);
INSERT INTO `t_mapper` VALUES ('00100080000120200717000072', '00100030000120200717000009', 'GET', 'collect_blood_dept_options', 'COLLECTBLOOD', 'collect_blood_home', NULL);
INSERT INTO `t_mapper` VALUES ('00100080000120200717000073', '00100030000120200717000009', 'POST', 'save_work_plan', 'COLLECTBLOOD', 'collect_blood_home', NULL);
INSERT INTO `t_mapper` VALUES ('00100080000120200717000074', '00100030000120200717000009', 'GET', 'work_items', 'COLLECTBLOOD', 'collect_blood_home', NULL);
INSERT INTO `t_mapper` VALUES ('00100080000120200717000075', '00100030000120200717000009', 'POST', 'save', 'COLLECTBLOOD', 'collect_blood_home', NULL);
INSERT INTO `t_mapper` VALUES ('00100080000120200717000076', '00100030000120200717000009', 'GET', 'work_users', 'COLLECTBLOOD', 'collect_blood_home', NULL);
INSERT INTO `t_mapper` VALUES ('00100080000120200717000077', '00100030000120200717000009', 'GET', 'org_type_options', 'COLLECTBLOOD', 'collect_blood_home', NULL);
INSERT INTO `t_mapper` VALUES ('00100080000120200717000078', '00100030000120200717000009', 'POST', 'save_work_users', 'COLLECTBLOOD', 'collect_blood_home', NULL);
INSERT INTO `t_mapper` VALUES ('00100080000120200717000079', '00100030000120200717000009', 'GET', 'don_type_options', 'COLLECTBLOOD', 'collect_blood_home', NULL);
INSERT INTO `t_mapper` VALUES ('00100080000120200717000080', '00100030000120200717000010', 'GET', 'occupation_by_uuid', 'COLLECTBLOOD', 'occupation', 'occupation_read');
INSERT INTO `t_mapper` VALUES ('00100080000120200717000081', '00100030000120200717000010', 'POST', 'occupation_list', 'COLLECTBLOOD', 'occupation', 'occupation_read');
INSERT INTO `t_mapper` VALUES ('00100080000120200717000082', '00100030000120200717000010', 'POST', 'save', 'COLLECTBLOOD', 'occupation', 'occupation_manage');
INSERT INTO `t_mapper` VALUES ('00100080000120200717000083', '00100030000120200717000010', 'POST', 'update', 'COLLECTBLOOD', 'occupation', 'occupation_manage');
INSERT INTO `t_mapper` VALUES ('00100080000120200717000084', '00100030000120200717000010', 'POST', 'delete', 'COLLECTBLOOD', 'occupation', 'occupation_manage');
INSERT INTO `t_mapper` VALUES ('00100080000120200717000085', '00100030000120200717000011', 'POST', 'release_reason_list', 'COLLECTBLOOD', 'release_reason', 'release_reason_read');
INSERT INTO `t_mapper` VALUES ('00100080000120200717000086', '00100030000120200717000011', 'GET', 'release_reason_by_uuid', 'COLLECTBLOOD', 'release_reason', 'release_reason_read');
INSERT INTO `t_mapper` VALUES ('00100080000120200717000087', '00100030000120200717000011', 'POST', 'save', 'COLLECTBLOOD', 'release_reason', 'release_reason_manage');
INSERT INTO `t_mapper` VALUES ('00100080000120200717000088', '00100030000120200717000011', 'POST', 'update', 'COLLECTBLOOD', 'release_reason', 'release_reason_manage');
INSERT INTO `t_mapper` VALUES ('00100080000120200717000089', '00100030000120200717000011', 'POST', 'delete', 'COLLECTBLOOD', 'release_reason', 'release_reason_manage');
INSERT INTO `t_mapper` VALUES ('00100080000120200717000090', '00100030000120200717000012', 'GET', 'collect_vehicle_by_uuid', 'COLLECTBLOOD', 'collect_vehicle', 'collect_vehicle_read');
INSERT INTO `t_mapper` VALUES ('00100080000120200717000091', '00100030000120200717000012', 'POST', 'collect_vehicle_list', 'COLLECTBLOOD', 'collect_vehicle', 'collect_vehicle_read');
INSERT INTO `t_mapper` VALUES ('00100080000120200717000092', '00100030000120200717000012', 'POST', 'save', 'COLLECTBLOOD', 'collect_vehicle', 'collect_vehicle_manage');
INSERT INTO `t_mapper` VALUES ('00100080000120200717000093', '00100030000120200717000012', 'POST', 'update', 'COLLECTBLOOD', 'collect_vehicle', 'collect_vehicle_manage');
INSERT INTO `t_mapper` VALUES ('00100080000120200717000094', '00100030000120200717000012', 'GET', 'dept_tree_options', 'COLLECTBLOOD', 'collect_vehicle', 'collect_vehicle_read');
INSERT INTO `t_mapper` VALUES ('00100080000120200717000095', '00100030000120200717000012', 'GET', 'dept_options', 'COLLECTBLOOD', 'collect_vehicle', 'collect_vehicle_read');
INSERT INTO `t_mapper` VALUES ('00100080000120200717000096', '00100030000120200717000012', 'POST', 'delete', 'COLLECTBLOOD', 'collect_vehicle', 'collect_vehicle_manage');
INSERT INTO `t_mapper` VALUES ('00100080000120200717000097', '00100030000120200717000013', 'GET', 'get_work_setting', 'COLLECTBLOOD', 'donor_check', 'donor_check_read');
INSERT INTO `t_mapper` VALUES ('00100080000120200717000098', '00100030000120200717000013', 'POST', 'donor_register', 'COLLECTBLOOD', 'donor_check', 'donor_check_manage');
INSERT INTO `t_mapper` VALUES ('00100080000120200717000099', '00100030000120200717000013', 'POST', 'release_audit', 'COLLECTBLOOD', 'donor_check', 'donor_check_manage');
INSERT INTO `t_mapper` VALUES ('00100080000120200717000100', '00100030000120200717000013', 'POST', 'check', 'COLLECTBLOOD', 'donor_check', 'donor_check_manage');
INSERT INTO `t_mapper` VALUES ('00100080000120200717000101', '00100030000120200717000014', 'POST', 'update', 'COLLECTBLOOD', 'don_type', 'don_type_manage');
INSERT INTO `t_mapper` VALUES ('00100080000120200717000102', '00100030000120200717000014', 'GET', 'don_type_by_uuid', 'COLLECTBLOOD', 'don_type', 'don_type_read');
INSERT INTO `t_mapper` VALUES ('00100080000120200717000103', '00100030000120200717000014', 'POST', 'don_type_list', 'COLLECTBLOOD', 'don_type', 'don_type_read');
INSERT INTO `t_mapper` VALUES ('00100080000120200717000104', '00100030000120200717000015', 'GET', 'release_status_option', 'COLLECTBLOOD', 'release_audit', 'release_audit_read');
INSERT INTO `t_mapper` VALUES ('00100080000120200717000105', '00100030000120200717000015', 'GET', 'release_audit_by_uuid', 'COLLECTBLOOD', 'release_audit', 'release_audit_read');
INSERT INTO `t_mapper` VALUES ('00100080000120200717000106', '00100030000120200717000015', 'POST', 'release_audit_list', 'COLLECTBLOOD', 'release_audit', 'release_audit_read');
INSERT INTO `t_mapper` VALUES ('00100080000120200717000107', '00100030000120200717000015', 'POST', 'save', 'COLLECTBLOOD', 'release_audit', 'release_audit_manage');
INSERT INTO `t_mapper` VALUES ('00100080000120200717000108', '00100030000120200717000015', 'GET', 'release_result_option', 'COLLECTBLOOD', 'release_audit', 'release_audit_read');
INSERT INTO `t_mapper` VALUES ('00100080000120200717000109', '00100030000120200717000015', 'POST', 'update', 'COLLECTBLOOD', 'release_audit', 'release_audit_manage');
INSERT INTO `t_mapper` VALUES ('00100080000120200717000110', '00100030000120200717000015', 'GET', 'identity_type_option', 'COLLECTBLOOD', 'release_audit', 'release_audit_read');
INSERT INTO `t_mapper` VALUES ('00100080000120200717000111', '00100030000120200717000015', 'GET', 'release_reason_option', 'COLLECTBLOOD', 'release_audit', 'release_audit_read');
INSERT INTO `t_mapper` VALUES ('00100080000120200717000112', '00100030000120200717000015', 'POST', 'delete', 'COLLECTBLOOD', 'release_audit', 'release_audit_manage');
INSERT INTO `t_mapper` VALUES ('00100080000120200717000113', '00100030000120200717000016', 'GET', 'consult_policy_by_uuid', 'COLLECTBLOOD', 'consult_policy', 'consult_policy_read');
INSERT INTO `t_mapper` VALUES ('00100080000120200717000114', '00100030000120200717000016', 'POST', 'consult_policy_list', 'COLLECTBLOOD', 'consult_policy', 'consult_policy_read');
INSERT INTO `t_mapper` VALUES ('00100080000120200717000115', '00100030000120200717000016', 'POST', 'save', 'COLLECTBLOOD', 'consult_policy', 'consult_policy_manage');
INSERT INTO `t_mapper` VALUES ('00100080000120200717000116', '00100030000120200717000016', 'POST', 'update', 'COLLECTBLOOD', 'consult_policy', 'consult_policy_manage');
INSERT INTO `t_mapper` VALUES ('00100080000120200717000117', '00100030000120200717000016', 'POST', 'delete', 'COLLECTBLOOD', 'consult_policy', 'consult_policy_manage');
INSERT INTO `t_mapper` VALUES ('00100080000120200717000118', '00100030000120200717000017', 'POST', 'update', 'COLLECTBLOOD', 'organize_type', 'organize_type_manage');
INSERT INTO `t_mapper` VALUES ('00100080000120200717000119', '00100030000120200717000017', 'GET', 'organize_type_by_uuid', 'COLLECTBLOOD', 'organize_type', 'organize_type_read');
INSERT INTO `t_mapper` VALUES ('00100080000120200717000120', '00100030000120200717000017', 'POST', 'organize_type_list', 'COLLECTBLOOD', 'organize_type', 'organize_type_read');
INSERT INTO `t_mapper` VALUES ('00100080000120200717000121', '00100030000120200717000018', 'GET', 'org_unit_by_uuid', 'COLLECTBLOOD', 'org_unit', 'org_unit_read');
INSERT INTO `t_mapper` VALUES ('00100080000120200717000122', '00100030000120200717000018', 'POST', 'org_unit_list', 'COLLECTBLOOD', 'org_unit', 'org_unit_read');
INSERT INTO `t_mapper` VALUES ('00100080000120200717000123', '00100030000120200717000018', 'POST', 'save', 'COLLECTBLOOD', 'org_unit', 'org_unit_manage');
INSERT INTO `t_mapper` VALUES ('00100080000120200717000124', '00100030000120200717000018', 'POST', 'update', 'COLLECTBLOOD', 'org_unit', 'org_unit_manage');
INSERT INTO `t_mapper` VALUES ('00100080000120200717000125', '00100030000120200717000018', 'GET', 'organize_type_options', 'COLLECTBLOOD', 'org_unit', 'org_unit_read');
INSERT INTO `t_mapper` VALUES ('00100080000120200717000126', '00100030000120200717000018', 'POST', 'delete', 'COLLECTBLOOD', 'org_unit', 'org_unit_manage');
INSERT INTO `t_mapper` VALUES ('00100080000120200717000127', '00100030000120200717000019', 'POST', 'street_list', 'COLLECTBLOOD', 'street_item_type', 'street_read');
INSERT INTO `t_mapper` VALUES ('00100080000120200717000128', '00100030000120200717000019', 'GET', 'street_by_uuid', 'COLLECTBLOOD', 'street_item_type', 'street_read');
INSERT INTO `t_mapper` VALUES ('00100080000120200717000129', '00100030000120200717000019', 'POST', 'save', 'COLLECTBLOOD', 'street_item_type', 'street_manage');
INSERT INTO `t_mapper` VALUES ('00100080000120200717000130', '00100030000120200717000019', 'POST', 'update', 'COLLECTBLOOD', 'street_item_type', 'street_manage');
INSERT INTO `t_mapper` VALUES ('00100080000120200717000131', '00100030000120200717000019', 'POST', 'delete', 'COLLECTBLOOD', 'street_item_type', 'street_manage');
INSERT INTO `t_mapper` VALUES ('00100080000120200717000132', '00100030000120200717000020', 'POST', 'save', 'COLLECTBLOOD', 'collect_interval', 'collect_interval_manage');
INSERT INTO `t_mapper` VALUES ('00100080000120200717000133', '00100030000120200717000020', 'POST', 'update', 'COLLECTBLOOD', 'collect_interval', 'collect_interval_manage');
INSERT INTO `t_mapper` VALUES ('00100080000120200717000134', '00100030000120200717000020', 'GET', 'collect_interval_by_uuid', 'COLLECTBLOOD', 'collect_interval', 'collect_interval_read');
INSERT INTO `t_mapper` VALUES ('00100080000120200717000135', '00100030000120200717000020', 'POST', 'delete', 'COLLECTBLOOD', 'collect_interval', 'collect_interval_manage');
INSERT INTO `t_mapper` VALUES ('00100080000120200717000136', '00100030000120200717000020', 'POST', 'collect_interval_list', 'COLLECTBLOOD', 'collect_interval', 'collect_interval_read');
INSERT INTO `t_mapper` VALUES ('00100080000120200717000137', '00100030000120200717000021', 'POST', 'release_rule_list', 'COLLECTBLOOD', 'release_rule', 'release_rule_read');
INSERT INTO `t_mapper` VALUES ('00100080000120200717000138', '00100030000120200717000021', 'GET', 'release_rule_by_uuid', 'COLLECTBLOOD', 'release_rule', 'release_rule_read');
INSERT INTO `t_mapper` VALUES ('00100080000120200717000139', '00100030000120200717000021', 'POST', 'update', 'COLLECTBLOOD', 'release_rule', 'release_rule_manage');
INSERT INTO `t_mapper` VALUES ('00100080000120200717000140', '00100030000120200717000022', 'GET', 'town_by_uuid', 'COLLECTBLOOD', 'town_item_type', 'town_read');
INSERT INTO `t_mapper` VALUES ('00100080000120200717000141', '00100030000120200717000022', 'POST', 'town_list', 'COLLECTBLOOD', 'town_item_type', 'town_read');
INSERT INTO `t_mapper` VALUES ('00100080000120200717000142', '00100030000120200717000022', 'POST', 'save', 'COLLECTBLOOD', 'town_item_type', 'town_manage');
INSERT INTO `t_mapper` VALUES ('00100080000120200717000143', '00100030000120200717000022', 'POST', 'update', 'COLLECTBLOOD', 'town_item_type', 'town_manage');
INSERT INTO `t_mapper` VALUES ('00100080000120200717000144', '00100030000120200717000022', 'POST', 'delete', 'COLLECTBLOOD', 'town_item_type', 'town_manage');
INSERT INTO `t_mapper` VALUES ('00100080000120200717000145', '00100030000120200717000023', 'POST', 'consult_policy_item_list', 'COLLECTBLOOD', 'consult_policy_item', 'consult_policy_item_read');
INSERT INTO `t_mapper` VALUES ('00100080000120200717000146', '00100030000120200717000023', 'GET', 'consult_item_type_list_pair', 'COLLECTBLOOD', 'consult_policy_item', 'consult_policy_item_read');
INSERT INTO `t_mapper` VALUES ('00100080000120200717000147', '00100030000120200717000023', 'GET', 'effect_dor_method_pair_uuid', 'COLLECTBLOOD', 'consult_policy_item', 'consult_policy_item_read');
INSERT INTO `t_mapper` VALUES ('00100080000120200717000148', '00100030000120200717000023', 'POST', 'save', 'COLLECTBLOOD', 'consult_policy_item', 'consult_policy_item_manage');
INSERT INTO `t_mapper` VALUES ('00100080000120200717000149', '00100030000120200717000023', 'POST', 'update', 'COLLECTBLOOD', 'consult_policy_item', 'consult_policy_item_manage');
INSERT INTO `t_mapper` VALUES ('00100080000120200717000150', '00100030000120200717000023', 'GET', 'consult_policy_item_by_uuid', 'COLLECTBLOOD', 'consult_policy_item', 'consult_policy_item_read');
INSERT INTO `t_mapper` VALUES ('00100080000120200717000151', '00100030000120200717000023', 'POST', 'delete', 'COLLECTBLOOD', 'consult_policy_item', 'consult_policy_item_manage');
INSERT INTO `t_mapper` VALUES ('00100080000120200717000152', '00100030000120200717000023', 'GET', 'dor_status_list_pair', 'COLLECTBLOOD', 'consult_policy_item', 'consult_policy_item_read');
INSERT INTO `t_mapper` VALUES ('00100080000120200717000153', '00100030000120200717000023', 'GET', 'effect_dor_method_list_pair', 'COLLECTBLOOD', 'consult_policy_item', 'consult_policy_item_read');
INSERT INTO `t_mapper` VALUES ('00100080000120200717000154', '00100030000120200717000024', 'GET', 'consult_policy_item_type_by_uuid', 'COLLECTBLOOD', 'consult_policy_item_type', 'consult_policy_item_type_read');
INSERT INTO `t_mapper` VALUES ('00100080000120200717000155', '00100030000120200717000024', 'POST', 'save', 'COLLECTBLOOD', 'consult_policy_item_type', 'consult_policy_item_type_manage');
INSERT INTO `t_mapper` VALUES ('00100080000120200717000156', '00100030000120200717000024', 'POST', 'update', 'COLLECTBLOOD', 'consult_policy_item_type', 'consult_policy_item_type_manage');
INSERT INTO `t_mapper` VALUES ('00100080000120200717000157', '00100030000120200717000024', 'POST', 'delete', 'COLLECTBLOOD', 'consult_policy_item_type', 'consult_policy_item_type_manage');
INSERT INTO `t_mapper` VALUES ('00100080000120200717000158', '00100030000120200717000024', 'POST', 'consult_policy_item_type_list', 'COLLECTBLOOD', 'consult_policy_item_type', 'consult_policy_item_type_read');
INSERT INTO `t_mapper` VALUES ('00100080000120200717000159', '00100030000120200717000025', 'GET', 'place_kind_option', 'COLLECTBLOOD', 'collect_place', 'collect_place_read');
INSERT INTO `t_mapper` VALUES ('00100080000120200717000160', '00100030000120200717000025', 'POST', 'save', 'COLLECTBLOOD', 'collect_place', 'collect_place_manage');
INSERT INTO `t_mapper` VALUES ('00100080000120200717000161', '00100030000120200717000025', 'POST', 'update', 'COLLECTBLOOD', 'collect_place', 'collect_place_manage');
INSERT INTO `t_mapper` VALUES ('00100080000120200717000162', '00100030000120200717000025', 'POST', 'collect_place_list', 'COLLECTBLOOD', 'collect_place', 'collect_place_read');
INSERT INTO `t_mapper` VALUES ('00100080000120200717000163', '00100030000120200717000025', 'GET', 'dept_tree_options', 'COLLECTBLOOD', 'collect_place', 'collect_place_read');
INSERT INTO `t_mapper` VALUES ('00100080000120200717000164', '00100030000120200717000025', 'GET', 'dept_options', 'COLLECTBLOOD', 'collect_place', 'collect_place_read');
INSERT INTO `t_mapper` VALUES ('00100080000120200717000165', '00100030000120200717000025', 'POST', 'delete', 'COLLECTBLOOD', 'collect_place', 'collect_place_manage');
INSERT INTO `t_mapper` VALUES ('00100080000120200717000166', '00100030000120200717000025', 'GET', 'collect_place_by_uuid', 'COLLECTBLOOD', 'collect_place', 'collect_place_read');
INSERT INTO `t_mapper` VALUES ('00100080000120200717000167', '00100030000120200717000026', 'POST', 'options_list', 'COLLECTBLOOD', 'basic', NULL);
INSERT INTO `t_mapper` VALUES ('00100080000120200717000168', '00100030000120200717000026', 'GET', 'max_sort', 'COLLECTBLOOD', 'basic', NULL);
INSERT INTO `t_mapper` VALUES ('00100080000120200717000169', '00100030000120200717000026', 'GET', 'check', 'COLLECTBLOOD', 'basic', NULL);

-- ----------------------------
-- Table structure for t_history
-- ----------------------------
DROP TABLE IF EXISTS `t_history`;
CREATE TABLE `t_history`  (
  `UUID` varchar(32) CHARACTER SET utf8mb4 COLLATE utf8mb4_general_ci NOT NULL,
  `OPERATE` varchar(32) CHARACTER SET utf8mb4 COLLATE utf8mb4_general_ci NULL DEFAULT NULL,
  `OPERATOR` varchar(32) CHARACTER SET utf8mb4 COLLATE utf8mb4_general_ci NULL DEFAULT NULL,
  `OPERATE_TIME` datetime(0) NULL DEFAULT NULL,
  `BUSINESS_UUID` varchar(32) CHARACTER SET utf8mb4 COLLATE utf8mb4_general_ci NULL DEFAULT NULL,
  `OPERATE_CONTENT` json NULL,
  PRIMARY KEY (`UUID`) USING BTREE
) ENGINE = InnoDB CHARACTER SET = utf8mb4 COLLATE = utf8mb4_general_ci ROW_FORMAT = Dynamic;

-- ----------------------------
-- Table structure for t_group_bundle
-- ----------------------------
DROP TABLE IF EXISTS `t_group_bundle`;
CREATE TABLE `t_group_bundle`  (
  `UUID` varchar(32) CHARACTER SET utf8 COLLATE utf8_general_ci NOT NULL,
  `GROUP_UUID` varchar(32) CHARACTER SET utf8 COLLATE utf8_general_ci NULL DEFAULT NULL,
  `BUNDLE_UUID` varchar(32) CHARACTER SET utf8 COLLATE utf8_general_ci NULL DEFAULT NULL,
  `SORT` decimal(11, 2) NULL DEFAULT 0.00,
  PRIMARY KEY (`UUID`) USING BTREE,
  UNIQUE INDEX `index_group_bundle`(`GROUP_UUID`, `BUNDLE_UUID`) USING BTREE
) ENGINE = InnoDB CHARACTER SET = utf8 COLLATE = utf8_general_ci ROW_FORMAT = Dynamic;

-- ----------------------------
-- Table structure for t_group
-- ----------------------------
DROP TABLE IF EXISTS `t_group`;
CREATE TABLE `t_group`  (
  `UUID` varchar(32) CHARACTER SET utf8 COLLATE utf8_general_ci NOT NULL,
  `GROUP_ID` varchar(32) CHARACTER SET utf8 COLLATE utf8_general_ci NULL DEFAULT NULL COMMENT '分组ID',
  `GROUP_NAME` varchar(32) CHARACTER SET utf8 COLLATE utf8_general_ci NULL DEFAULT NULL COMMENT '分组名称',
  `SORT` double(11, 2) NULL DEFAULT NULL COMMENT '排序码',
  `SERVICE_ID` varchar(100) CHARACTER SET utf8 COLLATE utf8_general_ci NULL DEFAULT NULL COMMENT '服务ID',
  `ADDITIONAL_SERVICE_ID` varchar(100) CHARACTER SET utf8 COLLATE utf8_general_ci NULL DEFAULT NULL COMMENT '附加服务ID，该分组可包含附加服务的功能点',
  PRIMARY KEY (`UUID`) USING BTREE
) ENGINE = InnoDB CHARACTER SET = utf8 COLLATE = utf8_general_ci ROW_FORMAT = Dynamic;

-- ----------------------------
-- Table structure for t_device_auth
-- ----------------------------
DROP TABLE IF EXISTS `t_device_auth`;
CREATE TABLE `t_device_auth`  (
  `UUID` varchar(32) CHARACTER SET utf8mb4 COLLATE utf8mb4_general_ci NOT NULL COMMENT '唯一标识',
  `TYPE_UUID` varchar(32) CHARACTER SET utf8mb4 COLLATE utf8mb4_general_ci NOT NULL COMMENT '设备类型',
  `DEVICE_SN` varchar(32) CHARACTER SET utf8mb4 COLLATE utf8mb4_general_ci NOT NULL COMMENT '设备序列号',
  `AUTHORISATION_CODE` varchar(32) CHARACTER SET utf8mb4 COLLATE utf8mb4_general_ci NOT NULL COMMENT '设备授权码',
  PRIMARY KEY (`UUID`) USING BTREE,
  UNIQUE INDEX `UK_DEVICE_AUTHORISATION`(`TYPE_UUID`, `DEVICE_SN`) USING BTREE
) ENGINE = InnoDB CHARACTER SET = utf8mb4 COLLATE = utf8mb4_general_ci ROW_FORMAT = Dynamic;

-- ----------------------------
-- Table structure for t_department_class_relation
-- ----------------------------
DROP TABLE IF EXISTS `t_department_class_relation`;
CREATE TABLE `t_department_class_relation`  (
  `UUID` varchar(32) CHARACTER SET utf8 COLLATE utf8_general_ci NOT NULL,
  `DEPARTMENT_UUID` varchar(32) CHARACTER SET utf8 COLLATE utf8_general_ci NULL DEFAULT NULL,
  `CLASS_UUID` varchar(32) CHARACTER SET utf8 COLLATE utf8_general_ci NULL DEFAULT NULL,
  PRIMARY KEY (`UUID`) USING BTREE
) ENGINE = InnoDB CHARACTER SET = utf8 COLLATE = utf8_general_ci ROW_FORMAT = Dynamic;

-- ----------------------------
-- Table structure for t_department_class
-- ----------------------------
DROP TABLE IF EXISTS `t_department_class`;
CREATE TABLE `t_department_class`  (
  `UUID` varchar(32) CHARACTER SET utf8 COLLATE utf8_general_ci NOT NULL,
  `NAME` varchar(100) CHARACTER SET utf8 COLLATE utf8_general_ci NULL DEFAULT NULL,
  `SPELL` varchar(100) CHARACTER SET utf8 COLLATE utf8_general_ci NULL DEFAULT NULL,
  `SORT` double(10, 2) NULL DEFAULT NULL,
  `ENABLE` tinyint(1) NULL DEFAULT 1,
  PRIMARY KEY (`UUID`) USING BTREE
) ENGINE = InnoDB CHARACTER SET = utf8 COLLATE = utf8_general_ci ROW_FORMAT = Dynamic;

-- ----------------------------
-- Table structure for t_department
-- ----------------------------
DROP TABLE IF EXISTS `t_department`;
CREATE TABLE `t_department`  (
  `UUID` char(32) CHARACTER SET utf8mb4 COLLATE utf8mb4_general_ci NOT NULL COMMENT '唯一标识',
  `PARENT_UUID` char(32) CHARACTER SET utf8mb4 COLLATE utf8mb4_general_ci NOT NULL COMMENT '父节点标识',
  `NAME` varchar(100) CHARACTER SET utf8mb4 COLLATE utf8mb4_general_ci NOT NULL COMMENT '名称',
  `SPELL` varchar(100) CHARACTER SET utf8mb4 COLLATE utf8mb4_general_ci NOT NULL COMMENT '拼音码',
  `SORT` int(6) NOT NULL DEFAULT 0 COMMENT '排序码',
  `ENABLE` int(1) NOT NULL DEFAULT 1 COMMENT '启用',
  `IS_QC` int(1) NOT NULL DEFAULT 0 COMMENT '是否质控科室',
  `IS_PURCHASE` int(1) NOT NULL DEFAULT 0 COMMENT '是否采购科室',
  `IS_CHILD` int(1) NOT NULL DEFAULT 0 COMMENT '是否含子节点',
  `IS_COLLECT_BLOOD` int(1) NOT NULL DEFAULT 0 COMMENT '是否采血科室',
  `SYSTEM_CODE` varchar(32) CHARACTER SET utf8mb4 COLLATE utf8mb4_general_ci NULL DEFAULT NULL COMMENT '业务系统对照',
  `LEADER` varchar(8) CHARACTER SET utf8mb4 COLLATE utf8mb4_general_ci NULL DEFAULT NULL COMMENT '分管领导',
  `STATION_UUID` varchar(32) CHARACTER SET utf8mb4 COLLATE utf8mb4_general_ci NULL DEFAULT NULL COMMENT '血站标识',
  PRIMARY KEY (`UUID`) USING BTREE
) ENGINE = InnoDB CHARACTER SET = utf8mb4 COLLATE = utf8mb4_general_ci ROW_FORMAT = Dynamic;

-- ----------------------------
-- Records of t_department
-- ----------------------------
INSERT INTO `t_department` VALUES ('00100040000120200608000001', '00100160000120200704000002', '血液中心', 'XYZX', 0, 1, 0, 0, 0, 0, NULL, NULL, '00100160000120200704000002');
INSERT INTO `t_department` VALUES ('00100040000120200704000001', '00100040000120200608000001', '信息服务科', 'XXFWK', 0, 1, 0, 0, 1, 0, '001', 'ADMIN', '00100160000120200704000002');

-- ----------------------------
-- Table structure for t_bundle
-- ----------------------------
DROP TABLE IF EXISTS `t_bundle`;
CREATE TABLE `t_bundle`  (
  `UUID` varchar(32) CHARACTER SET utf8mb4 COLLATE utf8mb4_bin NOT NULL,
  `BUNDLE_ID` varchar(32) CHARACTER SET utf8mb4 COLLATE utf8mb4_bin NULL DEFAULT NULL,
  `BUNDLE_NAME` varchar(32) CHARACTER SET utf8mb4 COLLATE utf8mb4_bin NULL DEFAULT NULL,
  `SERVICE_ID` varchar(32) CHARACTER SET utf8mb4 COLLATE utf8mb4_bin NULL DEFAULT NULL COMMENT '服务ID',
  `WITH_AUTH` int(1) NULL DEFAULT NULL COMMENT '访问该bundle是否需要权限',
  `SORT` double(11, 2) NULL DEFAULT 0.00 COMMENT '排序码',
  PRIMARY KEY (`UUID`) USING BTREE
) ENGINE = InnoDB CHARACTER SET = utf8mb4 COLLATE = utf8mb4_bin ROW_FORMAT = Dynamic;

-- ----------------------------
-- Records of t_bundle
-- ----------------------------
INSERT INTO `t_bundle` VALUES ('00100030000120200717000001', 'post_setting', '岗位管理', 'SETTING', 1, 0.00);
INSERT INTO `t_bundle` VALUES ('00100030000120200717000002', 'dept_user_setting', '部门管理', 'SETTING', 1, 0.00);
INSERT INTO `t_bundle` VALUES ('00100030000120200717000003', 'microservice_setting', '服务管理', 'SETTING', 1, 0.00);
INSERT INTO `t_bundle` VALUES ('00100030000120200717000004', 'role_setting', '角色管理', 'SETTING', 1, 0.00);
INSERT INTO `t_bundle` VALUES ('00100030000120200717000005', 'station_setting', '血站管理', 'SETTING', 1, 0.00);
INSERT INTO `t_bundle` VALUES ('00100030000120200717000006', 'basic', '基础功能', 'SETTING', 1, 0.00);
INSERT INTO `t_bundle` VALUES ('00100030000120200717000007', 'group_setting', '功能分组管理', 'SETTING', 1, 0.00);
INSERT INTO `t_bundle` VALUES ('00100030000120200717000008', 'preferences_setting', '首选项设置', 'SETTING', 1, 0.00);
INSERT INTO `t_bundle` VALUES ('00100030000120200717000009', 'collect_blood_home', '采血首页', 'COLLECTBLOOD', 0, 0.00);
INSERT INTO `t_bundle` VALUES ('00100030000120200717000010', 'occupation', '职业', 'COLLECTBLOOD', 1, 0.00);
INSERT INTO `t_bundle` VALUES ('00100030000120200717000011', 'release_reason', '放行原因', 'COLLECTBLOOD', 1, 0.00);
INSERT INTO `t_bundle` VALUES ('00100030000120200717000012', 'collect_vehicle', '采血车', 'COLLECTBLOOD', 1, 0.00);
INSERT INTO `t_bundle` VALUES ('00100030000120200717000013', 'donor_check', '献血核查', 'COLLECTBLOOD', 1, 0.00);
INSERT INTO `t_bundle` VALUES ('00100030000120200717000014', 'don_type', '献血类型', 'COLLECTBLOOD', 1, 0.00);
INSERT INTO `t_bundle` VALUES ('00100030000120200717000015', 'release_audit', '申请审批', 'COLLECTBLOOD', 1, 0.00);
INSERT INTO `t_bundle` VALUES ('00100030000120200717000016', 'consult_policy', '征询方案', 'COLLECTBLOOD', 1, 0.00);
INSERT INTO `t_bundle` VALUES ('00100030000120200717000017', 'organize_type', '组织方式', 'COLLECTBLOOD', 1, 0.00);
INSERT INTO `t_bundle` VALUES ('00100030000120200717000018', 'org_unit', '组织单位', 'COLLECTBLOOD', 1, 0.00);
INSERT INTO `t_bundle` VALUES ('00100030000120200717000019', 'street_item_type', '街道', 'COLLECTBLOOD', 1, 0.00);
INSERT INTO `t_bundle` VALUES ('00100030000120200717000020', 'collect_interval', '放行原因', 'COLLECTBLOOD', 1, 0.00);
INSERT INTO `t_bundle` VALUES ('00100030000120200717000021', 'release_rule', '放行规则', 'COLLECTBLOOD', 1, 0.00);
INSERT INTO `t_bundle` VALUES ('00100030000120200717000022', 'town_item_type', '城镇', 'COLLECTBLOOD', 1, 0.00);
INSERT INTO `t_bundle` VALUES ('00100030000120200717000023', 'consult_policy_item', '征询方案项目', 'COLLECTBLOOD', 1, 0.00);
INSERT INTO `t_bundle` VALUES ('00100030000120200717000024', 'consult_policy_item_type', '征询方案检测项目类型', 'COLLECTBLOOD', 1, 0.00);
INSERT INTO `t_bundle` VALUES ('00100030000120200717000025', 'collect_place', '采血地点', 'COLLECTBLOOD', 1, 0.00);
INSERT INTO `t_bundle` VALUES ('00100030000120200717000026', 'basic', '基础功能', 'COLLECTBLOOD', 1, 0.00);

-- ----------------------------
-- Table structure for t_authority
-- ----------------------------
DROP TABLE IF EXISTS `t_authority`;
CREATE TABLE `t_authority`  (
  `UUID` varchar(32) CHARACTER SET utf8mb4 COLLATE utf8mb4_bin NOT NULL,
  `SERVICE_ID` varchar(32) CHARACTER SET utf8mb4 COLLATE utf8mb4_bin NULL DEFAULT NULL,
  `ID` varchar(32) CHARACTER SET utf8mb4 COLLATE utf8mb4_bin NOT NULL DEFAULT '',
  `NAME` varchar(32) CHARACTER SET utf8mb4 COLLATE utf8mb4_bin NOT NULL,
  `COMMENT` varchar(255) CHARACTER SET utf8mb4 COLLATE utf8mb4_bin NULL DEFAULT NULL,
  `BUNDLE_ID` varchar(32) CHARACTER SET utf8mb4 COLLATE utf8mb4_bin NULL DEFAULT NULL,
  PRIMARY KEY (`UUID`) USING BTREE,
  UNIQUE INDEX `key_server_id`(`ID`, `SERVICE_ID`) USING BTREE
) ENGINE = InnoDB CHARACTER SET = utf8mb4 COLLATE = utf8mb4_bin ROW_FORMAT = Dynamic;

-- ----------------------------
-- Records of t_authority
-- ----------------------------
INSERT INTO `t_authority` VALUES ('00100020000120200717000001', 'SETTING', 'post_manage', '管理', '岗位管理权限', 'post_setting');
INSERT INTO `t_authority` VALUES ('00100020000120200717000002', 'SETTING', 'group_manage', '管理', '功能分组管理权限', 'group_setting');
INSERT INTO `t_authority` VALUES ('00100020000120200717000003', 'SETTING', 'role_manage', '管理', '角色管理权限', 'role_setting');
INSERT INTO `t_authority` VALUES ('00100020000120200717000004', 'SETTING', 'microservice_manage', '管理', '服务管理权限', 'microservice_setting');
INSERT INTO `t_authority` VALUES ('00100020000120200717000005', 'SETTING', 'station_read', '查看', '血站查询权限', 'station_setting');
INSERT INTO `t_authority` VALUES ('00100020000120200717000006', 'SETTING', 'preferences_read', '查看', '首选项查询权限', 'preferences_setting');
INSERT INTO `t_authority` VALUES ('00100020000120200717000007', 'SETTING', 'preferences_manage', '管理', '首选项管理权限', 'preferences_setting');
INSERT INTO `t_authority` VALUES ('00100020000120200717000008', 'SETTING', 'group_read', '查看', '功能分组查询权限', 'group_setting');
INSERT INTO `t_authority` VALUES ('00100020000120200717000009', 'SETTING', 'station_manage', '管理', '血站管理权限', 'station_setting');
INSERT INTO `t_authority` VALUES ('00100020000120200717000010', 'SETTING', 'microservice_read', '查看', '服务查询权限', 'microservice_setting');
INSERT INTO `t_authority` VALUES ('00100020000120200717000011', 'SETTING', 'post_read', '查看', '岗位查询权限', 'post_setting');
INSERT INTO `t_authority` VALUES ('00100020000120200717000012', 'SETTING', 'role_read', '查看', '角色查询权限', 'role_setting');
INSERT INTO `t_authority` VALUES ('00100020000120200717000013', 'SETTING', 'dept_user_read', '查看', '部门人员查询权限', 'dept_user_setting');
INSERT INTO `t_authority` VALUES ('00100020000120200717000014', 'SETTING', 'dept_user_manage', '管理', '部门人员管理权限', 'dept_user_setting');
INSERT INTO `t_authority` VALUES ('00100020000120200717000015', 'COLLECTBLOOD', 'consult_policy_item_manage', '管理', '管理征询方案项目', 'consult_policy_item');
INSERT INTO `t_authority` VALUES ('00100020000120200717000016', 'COLLECTBLOOD', 'organize_type_read', '查看', '查看组织方式', 'organize_type');
INSERT INTO `t_authority` VALUES ('00100020000120200717000017', 'COLLECTBLOOD', 'collect_interval_manage', '管理', '管理献血间隔', 'collect_interval');
INSERT INTO `t_authority` VALUES ('00100020000120200717000018', 'COLLECTBLOOD', 'collect_vehicle_read', '查看', '查看采血车', 'collect_vehicle');
INSERT INTO `t_authority` VALUES ('00100020000120200717000019', 'COLLECTBLOOD', 'street_manage', '查看', '查看街道', 'street_item_type');
INSERT INTO `t_authority` VALUES ('00100020000120200717000020', 'COLLECTBLOOD', 'collect_place_manage', '管理', '管理采血地点', 'collect_place');
INSERT INTO `t_authority` VALUES ('00100020000120200717000021', 'COLLECTBLOOD', 'org_unit_manage', '管理', '管理组织单位', 'org_unit');
INSERT INTO `t_authority` VALUES ('00100020000120200717000022', 'COLLECTBLOOD', 'consult_policy_item_read', '查看', '查看征询方案项目', 'consult_policy_item');
INSERT INTO `t_authority` VALUES ('00100020000120200717000023', 'COLLECTBLOOD', 'release_reason_read', '查看', '查看放行原因', 'release_reason');
INSERT INTO `t_authority` VALUES ('00100020000120200717000024', 'COLLECTBLOOD', 'consult_policy_item_type_manage', '管理', '管理征询方案项目类型', 'consult_policy_item_type');
INSERT INTO `t_authority` VALUES ('00100020000120200717000025', 'COLLECTBLOOD', 'donor_check_read', '查看', '查看献血核查', 'donor_check');
INSERT INTO `t_authority` VALUES ('00100020000120200717000026', 'COLLECTBLOOD', 'collect_interval_read', '查看', '查看献血间隔', 'collect_interval');
INSERT INTO `t_authority` VALUES ('00100020000120200717000027', 'COLLECTBLOOD', 'release_reason_manage', '管理', '管理放行原因', 'release_reason');
INSERT INTO `t_authority` VALUES ('00100020000120200717000028', 'COLLECTBLOOD', 'consult_policy_manage', '管理', '管理征询方案', 'consult_policy');
INSERT INTO `t_authority` VALUES ('00100020000120200717000029', 'COLLECTBLOOD', 'town_manage', '查看', '查看城镇', 'town_item_type');
INSERT INTO `t_authority` VALUES ('00100020000120200717000030', 'COLLECTBLOOD', 'don_type_manage', '管理', '管理献血类型', 'don_type');
INSERT INTO `t_authority` VALUES ('00100020000120200717000031', 'COLLECTBLOOD', 'release_rule_read', '查看', '查看放行规则', 'release_rule');
INSERT INTO `t_authority` VALUES ('00100020000120200717000032', 'COLLECTBLOOD', 'organize_type_manage', '管理', '管理组织方式', 'organize_type');
INSERT INTO `t_authority` VALUES ('00100020000120200717000033', 'COLLECTBLOOD', 'occupation_manage', '管理', '管理职业', 'occupation');
INSERT INTO `t_authority` VALUES ('00100020000120200717000034', 'COLLECTBLOOD', 'donor_check_manage', '管理', '管理献血核查', 'donor_check');
INSERT INTO `t_authority` VALUES ('00100020000120200717000035', 'COLLECTBLOOD', 'release_rule_manage', '管理', '管理放行规则', 'release_rule');
INSERT INTO `t_authority` VALUES ('00100020000120200717000036', 'COLLECTBLOOD', 'consult_policy_read', '查看', '查看征询方案', 'consult_policy');
INSERT INTO `t_authority` VALUES ('00100020000120200717000037', 'COLLECTBLOOD', 'don_type_read', '查看', '查看献血类型', 'don_type');
INSERT INTO `t_authority` VALUES ('00100020000120200717000038', 'COLLECTBLOOD', 'consult_policy_item_type_read', '查看', '查看征询方案项目类型', 'consult_policy_item_type');
INSERT INTO `t_authority` VALUES ('00100020000120200717000039', 'COLLECTBLOOD', 'collect_place_read', '查看', '查看采血地点', 'collect_place');
INSERT INTO `t_authority` VALUES ('00100020000120200717000040', 'COLLECTBLOOD', 'street_read', '管理', '管理街道', 'street_item_type');
INSERT INTO `t_authority` VALUES ('00100020000120200717000041', 'COLLECTBLOOD', 'org_unit_read', '查看', '查看组织单位', 'org_unit');
INSERT INTO `t_authority` VALUES ('00100020000120200717000042', 'COLLECTBLOOD', 'release_audit_read', '查看', '查看申请审批', 'release_audit');
INSERT INTO `t_authority` VALUES ('00100020000120200717000043', 'COLLECTBLOOD', 'release_audit_manage', '管理', '管理申请审批', 'release_audit');
INSERT INTO `t_authority` VALUES ('00100020000120200717000044', 'COLLECTBLOOD', 'town_read', '管理', '管理城镇', 'town_item_type');
INSERT INTO `t_authority` VALUES ('00100020000120200717000045', 'COLLECTBLOOD', 'occupation_read', '查看', '查看职业', 'occupation');
INSERT INTO `t_authority` VALUES ('00100020000120200717000046', 'COLLECTBLOOD', 'collect_vehicle_manage', '管理', '管理采血车', 'collect_vehicle');

-- ----------------------------
-- Table structure for t_actor
-- ----------------------------
DROP TABLE IF EXISTS `t_actor`;
CREATE TABLE `t_actor`  (
  `UUID` char(32) CHARACTER SET utf8mb4 COLLATE utf8mb4_general_ci NOT NULL COMMENT '唯一标识',
  `SERVICE_ID` varchar(32) CHARACTER SET utf8mb4 COLLATE utf8mb4_general_ci NOT NULL COMMENT '服务标识',
  `BUNDLE_ID` varchar(200) CHARACTER SET utf8mb4 COLLATE utf8mb4_general_ci NOT NULL COMMENT '模块标识',
  `ACTOR_ID` varchar(50) CHARACTER SET utf8mb4 COLLATE utf8mb4_general_ci NOT NULL COMMENT '参与者标识',
  `NAME` varchar(200) CHARACTER SET utf8mb4 COLLATE utf8mb4_general_ci NOT NULL COMMENT '参与者名称',
  `DESCRIPTION` varchar(255) CHARACTER SET utf8mb4 COLLATE utf8mb4_general_ci NULL DEFAULT NULL COMMENT '参与者描述',
  `SORT` int(11) NOT NULL DEFAULT 10 COMMENT '排序码',
  PRIMARY KEY (`UUID`) USING BTREE
) ENGINE = InnoDB CHARACTER SET = utf8mb4 COLLATE = utf8mb4_general_ci ROW_FORMAT = Dynamic;

SET FOREIGN_KEY_CHECKS = 1;
